numberOfProviders,brandName,providers
137,"Home Instead","Clientsinfocus Limited
Manchester & Stockport Senior Care Services Limited
Commitment to Care Ltd
Home Instead Senior Care
Laurel Tree Care Limited
Colvincare Limited
Deva Senior Care Services Ltd
Sefton & Merseyside Senior Care Services Limited
Jean Allen Care Services Limited
Western Consultancy Services Ltd
Maranatha Healthcare Ltd
Home Instead UK Limited
South Yorkshire Senior Care Services Limited
Redshank Senior Care Services Ltd
Zephyr Care Ltd
Atkins Care Services Limited
Lifestyle Care Services Limited
Landmark Care Ltd
Liverpool and Sefton Homecare Limited
South Bucks Senior Care Ltd
Blackpool & Wyre Hi Limited
Pompeii Limited
Holloway Care Limited
KAW Care Services Limited
Justco Ltd
Kernow Care Services Limited
A & M Senior Care Services Ltd
Epsom Senior Care Limited
Thames Senior Home Care Ltd
Habitat Care Limited
Living Comforts Ltd
Thanet Lifestyle Care Limited
N C Homecare Limited
Maxcare Ltd
Denny Care Services Limited
High Peak Senior Care Ltd
Understanding Care (Coventry) Limited
R & JW Care Ltd
Beda Homecare Ltd
BCT Care Services Ltd
RJ Care Services Limited
Silver Lining Care Services Limited
Sylwia Care Limited
Milton Keynes Home Care Ltd
Aevus Limited
SDS CARE Limited
Reigate Senior Care Limited
Saint Andrews Limited
Archie Care Limited
Care and Companionship Ltd
Cleveland Care at Home Limited
At Home With You Limited
2nd Family Limited
Phil & Linda Senior Care Ltd
South Manchester Senior Care Ltd
Hamble Valley Care Limited
Harrall Care Services Limited
Inspiratus Senior Care Limited
Pure Care Support Limited
A S Home Care Services Ltd
Darlo Care Ltd
Retford Senior Care Services Limited
HISC Wigan Limited
Greenwich Care Limited
I & J Williams Ltd
Moorlands Home Care Limited
Bolton New Care Limited
Jefferies Care Services Limited
Fylde Coast Care Ltd
SGCS Care Limited
Colneis Care Services Ltd
DB (Rochdale) Limited
Bevington Care Services Limited
Assured Lifestyle Limited
Pasand Care Services Limited
G & M Senior Care Ltd
Comitis LII Limited
J M Price Ltd
Respect Our Elders Limited
Silverlight Care Limited
PM Care Services Ltd
Hazelhurst Limited
Brighton and Hove Care At Home Limited
Premium Home Care Services Limited
Blue Bay Home Care Limited
D2SCo Limited
Tony O'Flaherty Limited
Surrey Care At Home Ltd
Understanding Care (Warwickshire) Limited
REHB Limited
HBS Care Ltd
Eminent Care Limited
Derby Senior Care Limited
Kishi Care Ltd
Fernbank House Limited
Coomber Care Company Limited
Van Parys Care Services Limited
AH Care Ltd
Yorkshire Senior Care Limited
Empathy Care Limited
Home Care Harborough Limited
New York Care Limited
Neighbourhood Care Limited
Hamax Ltd
St Micheal Care Limited
Fiftytwo 7 Care Ltd
P G Keohane Limited
Mmeds Care Ltd
Bishops Senior Care Limited
Later Living Home Care Limited
Z & C Care Ltd
Mbekir Limited
Chandler Care Ltd
Warrington Care Services Limited
Belton Care Ltd
Inchwater Ltd
Thirteen57 Ltd
Mettacare Ltd
GPM Care Services Limited
Renbridge Associates Ltd
Winspear Garth Senior Care Limited
AMZ Enterprises Ltd
East Lancashire Home Care Limited
Radcliffe Care Services Limited
Mid Kent Senior Care Limited
Saddleworth Home Care Ltd
Bluetulip Associates Ltd
Essex Senior Care Limited
Simms Care Services Limited
Dixon Dunn Care Limited
MSW Home Help Ltd
Net Care Norfolk Limited
Wirral Care Services Limited
Senior Care Services Limited
Chesterfield Home Care Limited
Martin Care Services Ltd
Happy at Home Ltd"
115,"Bluebird Care","Emerald Dreams Limited
Verafrank Aji Limited
Bayford New Horizons Limited
SH&B Limited
Ilium Ltd
WA & S Associates Ltd
Mezo Burton Limited
Care and Training Services Limited
Slades of Surrey Limited
Aeracura Limited
Renama UK Ltd
Belrose Limited
Rushton Vale Ltd
Bluebird Care Services Limited
Benjamin Partnership Limited
Bluebird Care (Kirklees)
Select4 Limited
Ahmed & Gul Ltd
Shropshire Care Limited
Snowbeam Ltd
Greencote Limited
J.W.S. Services Limited
Brico Ltd
Mutual Benefit Care Limited
Westborough Projects Ltd
When the Flag Drops Limited
Sage Home Care Limited
My Home Choice (Essex) Limited
Warriewood Ltd
Mortimer & Co Limited
MyCapers Limited
Taylor-Bourne Limited
Gregor & Gent Limited
WJ and R Ltd
Praesidium Partners Limited
iCAPS Enterprises Limited
Moss Milman Limited
TimRowlandJones Limited
Ampi Limited
W&S Flint Services Ltd
Westward Projects Limited
Mason Thomas Limited
Michaelandtaniahackett Limited
A&J E Ltd
BenJeMax Limited
Wye Valley Independent Living Ltd
Jorada Limited
KLEJ Ltd
L&N Services Limited
Most Stars Limited
MJ CareCentre Limited
Kendrick Haylings & Jones Limited
GSK One Limited
Buadu Limited
Roch 2 Limited
Zocalo Limited
D. J. Haswell Limited
Esha Home Help Ltd
Beechwood Homecare Limited
Walter Manny Limited
A & J McLellan Limited
Kore Associates Limited
Corden Assist Limited
Starboard Tack Ltd
K&T McCormack Ltd
Optima Management Limited
SL Assist Ltd
Angel Hands Ltd
Surrey Care Services Limited
Acuura Limited
D.J.Howard Limited
Tansonns Limited
Tregeen Limited
Protea Associates Ltd
The Little Wren Ltd
Freedom and Lifestyle Limited
V&J Billington Limited
Leo 1214 Limited
Audagio Services Ltd
Rampion Limited
Salubre Limited
A.C Sika Limited
P & M Homecare Limited
Tarpeys Ltd
Yasnad Limited
HD Care Limited
Banks & Levett Limited
Better Lives (UK) Ltd
Ajit Ltd
GEMBO Limited
Faster than a Cat Ltd
AM-R-AZ LLP
Spyke Enterprises Ltd
J&Y Webber Services Limited
Aquahigh Limited
AJSS Limited
BC Sheffield Ltd
RCH Futures Limited
Safe and Sound Wiltshire LLP
Lydiam Limited
Watra Limited
A & J Kohli Limited
Kingfisher Business Solutions Limited
Holistic Health and Support Ltd
Clarity Bristol Ltd
McCoy Family Ltd
A & D Hammonds Limited
Lifestyle Support Limited
Birch Assist Limited
Holly Rise Consultants Ltd
KDMO LTD
R D (Bromsgrove) Limited
Inspiring Generations Ltd
Maxtoke Ltd
V & A Davies Limited"
77,"Four Seasons Group","Lawton Group Limited
Lawton Rise Care Home Limited
Springfield House (Oaken) (2001) Limited
Acegold Limited
Alliance Care (Trendlewood) Limited
Four Seasons (Evedale) Limited
Lunan House Limited
Laurels Lodge Limited
Brighterkind (Granby Care) Limited
Four Seasons (FJBK) Limited
Huntercombe Homes (Ilkeston) Limited
Ringdane Limited
The Huntercombe Group Limited
Speciality Care (REIT Homes) Limited
Brighterkind Health Care Group Limited
Grandcross Limited
Four Seasons (DFK) Limited
Doulton Court Limited
Four Seasons Homes No.4 Limited
Four Seasons (No 10) Limited
Tamcare Limited
Tamaris (South East) Limited
Brighterkind Health Care Limited
Huntercombe Properties (Frenchay) Limited
Tamhealth Limited
Westview Lodge Limited
Alliance Care (Dales Homes) Limited
Four Seasons (H2) Limited
Huntercombe (No 13) Limited
Cotswold Spa Retirement Hotels Limited
Laudcare Limited
Tamaris Healthcare (England) Limited
Highfields Care Home Limited
Tamaris (Ram) Limited
Huntercombe (No 12) Limited
Lawton Manor Care Home Limited
Tameng Care Limited
Tamaris Management Services Limited
Bamfield Lodge Limited
Avery House Healthcare Limited
Avery Mews Limited
Avery Lodge Limited
Cedars Health Care Limited
Four Seasons Health Care (England) Limited
Cepen Lodge Limited
Alphacare Holdings Limited
Crabwall Claremont Limited
Broadway Halls Care Services Limited
Four Seasons (No 7) Limited
Hall Park Healthcare Limited
County Healthcare Limited
Brampton View Limited
Four Seasons Homes No. 1 Limited
brighterkind (Quercus) Limited
brighterkind (Domo) Limited
brighterkind (Blair) Limited
brighterkind (KS) Limited
brighterkind (Loyds) Limited
Four Seasons (GJP) Limited
Tamscot Care Limited
Four Seasons 2000 Limited
Huntercombe (Loyds) Limited
Huntercombe (Granby One) Limited
Elm Bank Healthcare Limited
Four Seasons (JB) Limited
Four Seasons (No 11) Limited
Four Seasons (No 9) Limited
Four Seasons (Bamford) Limited
Scarborough Hall Limited
Leeming Bar Limited
Boroughbridge Manor Limited
Idun Management Services Limited
Cookridge Court Limited
Irvine Care Limited
Tamaris (England) Limited
Keslaw Limited
Tewkesbury Care Home Limited"
64,Caremark,"Chloe Drury Limited
AS Hillingdon Homecare Limited
SM Homecare Services Ltd
M & T Healthcare Limited
Balman Care Limited
Homehelp (Solihull) Limited
Caremark Limited
Forever Good Care Ltd
Focal Care Ltd
Maestro Care Ltd
Mars Cheshire Limited
Mycare Services Ltd
Coastal Care Limited
Hallcare South Limited
Blueleys Limited
OM Care Ltd
SPM Quality Care Limited
REXD Corporation Limited
BSL Healthcare Limited
Zinnia Care Ltd
G G Trading Limited
Blue Rose Care Limited
Care Precious Ltd
OM2 Care Ltd
M D J French & Co Ltd
Care Boutique Limited
Claire Meade Care Limited
Taylor Grace Ltd
Affleck Care Limited
Liberty Carers Limited
Monark Limited
Williams CM Ltd
Olam Quality Care Ltd
Juniper Care Limited
R & K Domiciliary Care Ltd
APC Care Limited
Caremark (Leeds)
LJ Homecare Limited
Carlcare Limited
Balmer Care Limited
James Sanderson Limited
J.O.T. Limited
Beam Bug Limited
Solcare (Broxtowe & Erewash) Ltd
Sorg Limited
Medicare Home Support Limited
Perpetual Care Ltd
S V Care Limited
Folkescare Limited
Stimula Limited
R K S Domiciliary Care Ltd
D.& G. Care Limited
D&D Porter Limited
Jolly Care Limited
Costain Care Limited
Livingcare South West Ltd
Southend Rochford Care Services Limited
SVK Care Ltd
Ross Jones Limited
Dcapital Ltd
Professional Home Care Limited
In-Home Carers Limited
RDSS Care Limited
McCallum Care Limited"
58,Acadia,"Partnerships in Care (Beverley) Limited
Parkcare Homes (No.2) Limited
Partnerships in Care (Oaktree) Limited
High Quality Lifestyles Limited
Partnerships in Care (Albion) Limited
Progress Adult Services Limited
Burnside Care Limited
Partnerships in Care 1 Limited
Peninsula Autism Services & Support Limited
Lansdowne Road Limited
Positive Living Limited
Amore Elderly Care Limited
Middleton St George Healthcare Limited
Priory Rehabilitation Services Limited
Priory Healthcare Limited
Priory Education Services Limited
Affinity Healthcare Limited
Lambs Support Services Limited
Ferguson Care Limited
Craegmoor Supporting You Limited
Conquest Care Homes (Peterborough) Limited
Lothlorien Community Limited
Treehome Limited
Partnerships in Care Limited
Craegmoor Homes Limited
Autism TASCC Services Limited
Speciality Care (Rehab) Limited
Johnston Care Limited
Strathmore Care Services Limited
Speciality Care (Addison Court) Limited
J C Care Limited
Health & Care Services (UK) Limited
Sapphire Care Services Limited
Partnerships in Care (Meadow View) Limited
Cotswold Care Services Ltd
Conquest Care Homes (Soham) Limited
Yorkshire Parkcare Company Limited
Speciality Care (UK Lease Homes) Limited
Speciality Care (Rest Homes) Limited
Parkcare Homes Limited
Strathmore College Limited
Health & Care Services (NW) Limited
New Directions (Robertsbridge) Limited
R.J. Homes Limited
Life Works Community Limited
Conquest Care Homes (Norfolk) Limited
Speciality Care (EMI) Limited
New Directions (Hastings) Limited
New Directions (St. Leonards On Sea) Limited
New Directions (Bexhill) Limited
Partnerships in Care (Vancouver) Limited
Partnerships in Care (Cleveland) Limited
Amore (Watton) Limited
Amore Elderly Care (Wednesfield) Limited
Progress Care and Education Limited
Harbour Care (UK) Limited
Partnerships in Care (Brunswick) Limited
Partnerships in Care (Oak Vale) Limited"
34,"Abbeyfield Society","Abbeyfield Hoylake & West Kirby Society Limited
Abbeyfield Buckinghamshire Society Limited (The)
Abbeyfield Newcastle Upon Tyne Society Limited(The)
The Abbeyfield Beaconsfield Society Limited
Abbeyfield Furness Extra Care Society Limited
Abbeyfield North Downs Society Limited
Abbeyfield Ferring Society Limited (The)
Abbeyfield Lancaster Society Limited(The)
Abbeyfield Hertfordshire Residential Care Society Limited
Abbeyfield (Lakeland Extra-Care) Society Limited (The)
Abbeyfield St.Albans Society Limited(The)
Abbeyfield Wirral Extra Care Society Limited
Abbeyfield Oxenford Society Limited
Abbeyfield Deben Extra Care Society Limited (The)
Abbeyfield East London Extra Care Society Limited The
Abbeyfield Bognor Regis Society Limited(The)
Abbeyfield Lancashire Extra Care Society Limited
Abbeyfield Tamar Extra Care Societylimited (The)
Abbeyfield Haddenham Society Limited (The)
Abbeyfield Silverdale And District Society Limited
Abbeyfield Somerset Society Limited
Abbeyfield Loughborough Society Limited(The)
The Abbeyfield (Maidenhead) Society Limited
Abbeyfield Reading Society Limited(The)
The Abbeyfield (Weymouth) Society Limited
Abbeyfield York Society Limited(The)
Rapport Housing and Care
The Abbeyfield Southend Society Limited
Abbeyfield Society (The)
Abbeyfield North Northumberland Extra Care Society Limited
Abbeyfield The Dales Limited
Abbeyfield Grange Residential Home Ltd
Abbeyfield Wey Valley Society Limited
Abbeyfield London Polish Society Limited (The)"
34,"Excelcare Holdings","Park Avenue Healthcare Limited
Water Hall Healthcare Limited
Longfield Healthcare Limited
Winifred Healthcare Limited
Dovercourt Healthcare Limited
Sweyne Healthcare Limited
Neath Hill Care Centre Limited
Dovecote Manor Healthcare Limited
Goldenley Healthcare Limited
Springmarsh Homes Limited
Windmill Healthcare Limited
Lancewood Limited
Limetree Healthcare Limited
Ashlyn Healthcare Limited
Castlebar Healthcare Limited
Ferrolake Limited
Excelcare (Home Care Division) Limited
Primrose Healthcare Limited
Willows Care Centre Limited
Castlemead Court Care Centre Limited
Buchan Healthcare Limited
Aliwal Healthcare Limited
Glenfield Healthcare Limited
Rheola Healthcare Limited
Brook Healthcare Limited
Hunters Healthcare Limited
Etheldred Healthcare Limited
Fitzwilliam Healthcare Limited
St. Georges Court Healthcare Limited
Sherrell Healthcare Limited
Saffron Healthcare Limited
Okeley Healthcare Limited
Abbot Care Centre Limited
St. Fillan Healthcare Limited"
30,"Allied Care Limited","Ashfield Care Homes Limited
Ashamber Homes Limited
Ashstone House Limited
Ashpoint House Limited
Ashlee Lodge Limited
Cameron Lodge Limited
Ashgale House Limited
Ashdene House Limited
Ashgables House Limited
Wingreach Limited
Ashtead House Limited
Ashingham House Limited
Honeybourne House Ltd
Ashgold House Limited
Ashurst House Limited
Alliance Home Care (Learning Disabilities) Limited
Park Lodge Solutions Limited
Ashbrook House Limited
Ashchurch House Limited
Ashking House Limited
Heatherdene Limited
Ashlong House Limited
Bole Aller House Limited
Alliance Home Care Limited
Ashpark House Limited
Allied Care (Mental Health) Limited
Ashgate House Limited
Ashington House Limited
Ashford House Limited
Allied Care Limited"
29,"CareTech Community Services","Coveberry Limited
Oakleaf Care (Hartwell) Limited
Kirkstall Lodge Limited
Leigham Lodge Limited
Beech Care Limited
Ashview House Limited
Ashring House Limited
Addington House Limited
Magnolia Court Limited
Franklin Homes Limited
Selwyn Care Limited
Caretech Community Services (No.2) Limited
Sunnyside Care Homes Ltd
Ashcroft House Limited
Bright Care Limited
Palm Care Limited
Counticare Limited
Delam Care Limited
Valeo Limited
White Cliffs Lodge Limited
Glenroyd House Limited
Lonsdale Midlands Limited
One Six One Limited
CareTech Community Services Limited
Roborough House Ltd
One Step (Support) Limited
Hereson House Limited
Huntsmans Lodge Limited
Complete Care & Enablement Services Ltd"
29,"Carers Trust","Crossroads Care Central & East Gloucestershire Limited
Crossroads Care South Central Ltd
Crossroads Caring For Carers Wokingham Limited
Carers Trust Mid Yorkshire
The Sandwell Crossroads Care Attendant Scheme Limited
Dudley Crossroads
Brentwood and District Crossroads Care Attendant Scheme
North Notts Crossroads Caring For Carers
Crossroads Braintree and Chelmsford Ltd
East Midlands Crossroads-Caring For Carers
Carers Trust Lea Valley Crossroads Care Service Limited
Crossroads Care Tendring & Colchester
Carers Trust, Heart Of England
Ribble Valley Crossroads Care Attendant Scheme Limited
Slough Crossroads - Caring For Carers
Bexley Crossroads Care Limited
West Anglia Crossroads Caring for Carers
Crossroads in Hertfordshire (North and Northeast) - Caring for Carers
Crossroads Care Cheshire, Manchester & Merseyside Limited
Crossroads Care Staffordshire Limited
Crossroads (Barnsley) Ltd
Crossroads Care North West
East Sussex Brighton & Hove Crossroads-Caring for Carers Limited
Crossroads Care Kent
Carers Trust Thames
Surrey Crossroads
Crossroads in East Lancashire Limited
Oxfordshire Crossroads
Forest Of Dean Crossroads-Caring For Carers"
28,"Age UK","Age Concern Darlington
Age Concern Kensington & Chelsea
Age UK Lincoln and Kesteven
Age UK Stafford & District
Age UK Redbridge, Barking and Havering Ltd
Age Concern Norfolk
Age UK Doncaster
Age Concern York
Age Concern Manchester
Age UK Faversham and Sittingbourne
Age UK Northumberland
Age Concern Enfield
Age UK South Staffordshire
Age UK Leicester Shire and Rutland
Age UK Bexley
Age UK Medway
Age UK Northamptonshire
Age UK North West Kent
Age Concern - Tower Hamlets
Age UK Somerset
Age UK East Sussex
Age Concern Newcastle Upon Tyne
Age Concern Bournemouth
Age UK Brighton & Hove
Age UK Lancashire
Age UK Maidstone
Age Concern Wirral
Age UK Tunbridge Wells"
26,Avery,"Avery Homes Kirkstall Limited
Highcliffe Care Centre Limited
Avery Homes (Cannock) Limited
Avery Homes Newcastle UL Limited
Avery Homes Rugeley Limited
Avery Homes SH Limited
Avery Homes TH Limited
Avery Homes (Nelson) Limited
Avery Homes Wellingborough Limited
Avery Homes Grove Park Limited
Avery Homes Derby Limited
Avery Homes Nuneaton Limited
Avery (Lucas Court) Limited
Avery (Glenmoor) Limited
Avery Homes Stafford Limited
Willowbrook Healthcare Limited
Avery Homes WSM Limited
Avery Homes Nuthall Limited
Avery Homes Moston Limited
Avery Homes Hatfield Limited
Avery Homes Wolverhampton Limited
Avery Homes Cliftonville Limited
Seagrave Care (Corby) Ltd
Avery Homes Weybridge Limited
Avery Homes Hanford Limited
Avery Homes Hinckley Limited"
26,"Lifeways Community Care","Keys Hill Park Limited
The Individual Support Service Limited
Integra Care Homes Limited
Lifeways Community Care Limited
Burgess Care Limited
Raglin Care Limited
Lifeways Paragon Limited
Lifeways Independent Living Alliance Limited
Lifeways Inclusive Lifestyles Limited
Community Care Solutions Limited
Autism Care (North West) Limited
Living Ambitions Limited
Future Home Care Ltd
Autism Care (UK) Limited
Lifeways SIL Limited
Lifeways Orchard Care Limited
Lifeways Rose Care and Support Limited
Integra Care Management Limited
Autism Care UK (2) Limited
Autism Care (Bedford) Limited
Autism Care UK (3) Limited
Autism Care UK (4) Limited
SIL.2 Limited
Lifeways Natural Networks Limited
Social Care Solutions Limited
Brighton and Sussex Care Limited"
26,"Right at Home","Bristol Quality Care Limited
Nottingham Cares Limited
Idle March Limited
Red Rose Homecare Ltd
Nullarbor Limited
Extraordinary Care Ltd
Kent Domiciliary Care Limited
Quality Care and Companionship Ltd
Country Caregivers Limited
L & K Care Limited
Hawksbill Homecare Limited
Home Care 365 Limited
Happy Homecare UK Ltd
Homecare Partners Limited
All Home Care Limited
7Jay Home Care Ltd
Kerr-Care At Home Services Ltd
Oakfield Quality Homecare Limited
High Quality Care and Companionship Ltd
HOA Care Services Limited
Interim-Direct Limited
Alde Care Ltd
Bournemouth Assistance Limited
Hillingdon And Uxbridge Homecare Limited
Right Kare Limited
Life and Care Solutions Limited"
24,"Exemplar Health Care Limited","Greenside Health Care Limited
Longley Health Care Limited
Neville Health Care Limited
Kavanagh Health Care Limited
Dearnevale Health Care Limited
Meadowcroft Health Care Limited
Scotia Health Care Limited
Church Walk Health Care Limited
Thames Health Care Limited
The Lodge Health Care Limited
Willowbeck Health Care Limited
Pathways Health Care Limited
Eastlands Health Care Limited
Lonnen Health Care Limited
Havenmere Health Care Limited
Fairwinds Health Care Limited
Ravensdale Health Care Limited
Fairburn Mews Health Care Limited
Bridgewood Health Care Limited
Parkside Health Care Limited
Otterburn Health Care Limited
Quarryfields Health Care Limited
Fairburn Vale Health Care Limited
Yarningdale Health Care Limited"
24,"Maria Mallaband Care Group","Maria Mallaband 10 Limited
Bowerfield House Limited
Maria Mallaband Care Homes (2) Limited
Maria Mallaband Properties (5) Limited
Maria Mallaband Care Homes Limited
Belvoir Vale Care Homes Limited
Chalemere Limited
Maria Mallaband Limited
Monread Lodge Nursing Home Limited
Thomas Henry Mallaband Limited
Maria Mallaband Properties (4) Limited
Maria Mallaband (6) Limited
Maria Mallaband 17 Limited
Maria Mallaband 12 Limited
Maria Mallaband 14 Limited
Maria Mallaband 16 Limited
Maria Mallaband 13 Limited
Maria Mallaband 15 Limited
Acer Healthcare Operations Limited
Countrywide Care Homes Limited
Countrywide Care Homes (2) Limited
Maria Mallaband 7 Limited
Maria Mallaband 11 Limited
Countrywide Belmont Limited"
19,"Select Health Care","Holly Hall Care Limited
Greenleigh Care Home Limited
Oak Farm Court Limited
Select Health Care Limited
Swiss House Care Home Limited
The Mews Care Limited
Choicecare 2000 Limited
Beechlawns (Stourbridge) Limited
Baschurch Care Limited
Aldergrove Manor Ltd
DRB Healthcare Limited
Oak Farm (Taverham) Limited
Ramsgate Care Limited
Chapel Lodge Care Limited
Riverlea Care Limited
Little Ingestre Care Limited
Benton Care Limited
Wantsum Lodge Limited
Select Primecare Limited"
17,"Kare Plus","P C S Care Limited
Zamss Limited
Staffordshire Healthcare Staffing Ltd
JSH Care Services Limited
Taylorcare Ltd
MD Care Ltd
Surrey & Sussex Healthcare Limited
BMM Care Ltd
Care Nexus Ltd
Kare Plus National Limited
Neil's Healthcare Limited
Lone Care Services Ltd
Saharaa Limited
Foxenden Healthcare Ltd
Dr Louise May Limited
Quality Healthcare Solutions Limited
Teasdale Healthcare Ltd"
16,Agincare,"Agincare UK Limited
Blenheim Care Home Limited
Waterloo Care Home Limited
Agincare Live In Care Services Limited
Cheriton Care Centre Limited
Naseby Care Home Limited
Agincourt Care Home Limited
Chalgrove Care Home Limited
Crecy Care Home Limited
Edgehill Care Home Limited
Lansdowne Hill Care Home Limited
Tilford Care Home Limited
Trafalgar Care Limited
Gainsborough Care Home Limited
Victory Care Home Limited
Rochester Care Home Limited"
16,"Astonbrook Care","Conniston Care Limited
The Willows (Codsall) Limited
Castle Meadows (Dudley) Limited
The Poplars (Thornaby) Limited
The Abbeys (Rawmarsh) Limited
Headingley Care Centre (Edlington) Limited
White Ash Brook (Accrington) Limited
Byron Lodge (West Melton) Limited
Sandhall Park (Goole) Limited
Nethercrest Care Centre (Dudley) Limited
Mahogany House (Newtown) Limited
Pondsmead (Shepton Mallet) Limited
Dunniwood Lodge (Doncaster) Limited
Moorlands (Strensall) Limited
Birchlands (Haxby) Limited
Grimsby Dementia Care Ltd"
16,"BUPA Group","Bupa Care Homes (AKW) Limited
Bupa Care Homes (BNH) Limited
Bupa Care Homes (CFHCare) Limited
Bupa Care Homes (ANS) Limited
Bupa Care Homes (GL) Limited
Bupa Care Homes (CFChomes) Limited
Medical Services International Limited
Bupa Care Homes (HH Hull) Limited
Bupa Care Homes (HH Scunthorpe) Limited
Richmond Care Villages Holdings Limited
Bupa Care Homes (HH Leeds) Limited
Bupa Care Homes (HH Bradford) Limited
Richmond Villages Operations Limited
Bupa Care Homes (PT Lindsay) Limited
Bupa Care Homes (HH Northumberland) Limited
Bupa Care Homes (PT Links) Limited"
15,Surecare,"Care Label Ltd
First Call Community Systems Limited
Scotgren Limited
Macmace Limited
Croydon Home Help Limited
Jill Annette Adams
SureCare Shropshire Limited
Mr Roger Henry Pickford
Surecare Slough Ltd
Mrs Bibi Baksh
Seven Day Care (UK) Limited
SureCare Barnet Ltd
Eveshel Care Limited
Surecare (Doncaster) Ltd
ASD UK Network LTD"
14,"Advinia Healthcare","Advinia Health Care Limited
Kingsway Care Home Limited
Barrock Court Care Home Limited
Longwood Care Home Limited
Priory Supporting Care Limited
Woodstock Care Home Limited
Roseacres Care Home Limited
Madeira Care Home Limited
Maycroft Care Home Limited
The Manor Care Home Ltd
Woodfield Care Home Limited
Roberttown Care Home Limited
Advinia Home Health and Care Private Limited
Haverholme Care Home Limited"
14,"Caring Homes","Willowbeech Ltd
Brooklyn House Limited
Stour Sudbury Limited
Sanford House Limited
Guysfield House Limited
Consensus Support Services Limited
South London Nursing Homes Limited
Latham Lodge Limited
Caring Homes Healthcare Group Limited
Consensus Community Support Limited
Consensus (2013) Limited
Caring Homes (TFP) Group Ltd
ONH (Herts) Limited
Summerfield Medical Limited"
14,"Healthcare Management Solutions","Eastwick Barn Limited
Wren House Limited
Sahara Care Limited
Yewcare Limited
Canterbury Care Homes Limited
Canterbury Leased Homes Limited
Opal Care Homes Limited
Sahara Parkside Limited
Larchwood Care Homes (South) Limited
High Trees Care Limited
Featherton House Limited
Arrow Healthcare Limited
Larchwood Care Homes (North) Limited
Willowmead Residential Home Ltd"
13,"Abbey Healthcare","Abbey Healthcare (Aaron Court) Limited
Elmcroft Care Home Limited
Festival Care Homes Ltd
Abbey Healthcare (Cromwell) Ltd
Trees Park (East Ham) Limited
Trees Park (Kenyon) Limited
Abbey Healthcare (Huntingdon) Ltd
Abbey Healthcare (Farnworth) Limited
Abbey Healthcare Homes Limited
Applecroft Care Home Ltd
Abbey Healthcare (Knebworth) Ltd
Abbey Healthcare (Kendal) Limited
Abbey Healthcare (Westmoreland) Limited"
13,"Kingsley Healthcare","Woodbridge Lodge Limited
Redwalls Care Services Limited
Drew Care Limited
Kingsley Care Homes Limited
Althea Healthcare Properties Limited
Regal Healthcare Properties Limited
Country Retirement & Nursing Homes Ltd
Hestia Healthcare Limited
Althea HealthCare Limited
Hestia Healthcare Properties Limited
Acceptus Healthcare Limited
Acanthus Health Care Limited
Althea Healthcare (Management) Limited"
12,"Cambian Healthcare Limited","CAS Learning Disabilities Limited
Isand Limited
CAS Care Services Limited
Cambian Asperger Syndrome Services Limited
CAS Behavioural Health Limited
Cambian Whinfell School Limited
Caireach Limited
CAS Learning Disabilities Midlands Limited
Short Ground Limited
CAS Clifton Limited
Relativeto Limited
Isand (Domiciliary Care) Limited"
12,"Forest Healthcare","Ash Court Community Limited
Phoenix Healthcare Limited
Forest Health Care Limited
Aspen Village Limited
Bonneycourt Limited
Cedar Gardens Care Ltd
Tamehaven Limited
Calvercare Limited
Diomark Care Limited
Grace Manor Care Limited
Hassingham Limited
Blackberry Hill Limited"
12,"Hartford Care","Crispin Homes Limited
Hartford Care Limited
Hartford Care (Southern) Limited
H. W. Group Ltd
Hartford Care (South West) Limited
Hartwood Care (2) Limited
Hartwood Care (3) Limited
Hartwood Care (4) Limited
Hartford Care (5) Limited
Hartford Care (4) Limited
Hartford Care (2) Limited
Hartwood Care Limited"
12,"Joseph Heifetz","Osmaston Grange Care Home Limited
Abbotsford Care Home Limited
Heath Cottage Care Home Ltd
Wellfield Estates Ltd
Dercliffe Care Home Ltd
Partnership Caring Ltd
Walkden Manor Care Home Ltd
Moorhaven Care Home Ltd
Cleggsworth Care Home Ltd
Firs Hall Care Home Ltd
Sandtoft Care Home Ltd
Belvoire Care Home Limited"
12,"Springcare Group","Springcare (Weston) Limited
Kingsview Homes Limited
Ash Paddock Homes Limited
Activecare Limited
Springcare (Sandiway) Limited
Springcare (Davenham) Limited
Springcare (Yockleton) Limited
Springcare (Hatton) Limited
Springcare (Kings Court) Limited
Springcare (River Meadows) Limited
Springcare (Knutsford) Limited
Springcare (Albrighton) Limited"
11,"Brookvale Healthcare","Visram Limited
Heatherland Health Care Limited
Rowlandcourt Healthcare Limited
Farehamcourt Limited
Solent Cliffs Nursing Home Limited
Brentwood Homes Limited
Sundridge Developments Limited
Brookvale Care Homes Limited
Brackenlea Care Homes Limited
Tollgate Healthcare Limited
Pinecourt Limited"
11,"Clece Care Services","Dale Care Limited
Mrs Rosaleen Mary Fahy
Universal Care Services (UK) Limited
Heath Lodge Care Services Limited
Care Relief Team Limited
NV Care Ltd
All Care (GB) Limited
Clece Care Services Limited
Ideal Complex Care Limited
Hartwig Care Limited
Helping Hands of Harrogate Limited"
11,"Sunrise Senior Living","Shelbourne Senior Living Limited
Sunrise Operations Esher Limited
Sunrise UK Operations Limited
Sunrise Operations Winchester Limited
Sunrise Operations Bramhall II Limited
Sunrise Operations Weybridge Limited
Sunrise Operations Bagshot II Limited
Gracewell Healthcare Limited
Bayfield Court Operations Limited
Maids Moreton Operations Limited
Sunrise Senior Living Limited"
10,"Abbey Total Care Group","Planshore Limited
Woodlands Total Care Nursing Home Limited
Ryedowns Limited
Abbey Ravenscroft Park Limited
Martlane Limited
Moreland House Care Home Limited
Parkside Nursing Home Limited
Onetree Estates Limited
Abbey Care Complex Limited
Abbey Care Centre Limited"
10,"Care Worldwide","Care Worldwide (Manchester) Limited
Care Worldwide (Southwell) Limited
Care Worldwide (Carlton) Limited
Care Worldwide (Wednesbury) Limited
Care Worldwide (Oldham) Limited
Care Worldwide (London) Limited
Care Worldwide (Devon) Limited
Care Worldwide (Staffordshire) Limited
Care Worldwide (Bradford) Limited
Care Worldwide (Ashton) Limited"
10,"David Irandoust","Midshires Healthcare Limited
Marston Court Limited
Park Avenue Ltd
Tudor Views Limited
Apna House Limited
Mere Lodge Healthcare Limited
Salvero Healthcare Limited
Plans4Rehab Limited
Windsor Clinical and Home Care Services Group Ltd
Med Care Home Services Limited"
10,"Heritage Healthcare","DCS&D Limited
IDC Care Ltd
BC Care Limited
24 Hour Homecare Limited
Swifthand Care Services Limited
Castlepoint Services Ltd
Care2Home Ltd
P & E Care Limited
RS Holistic Care Limited
Unity Healthcare UK Limited"
10,"IMH Medical","Malling Health (UK) Limited
Cedar Medical Limited
Malling Health Limited
Kington Medical Practice
Dr A Khalique and Partners
Bath Lodge Practice
Chessel Practice
Shadbolt Park House Surgery
Gray's Medical Centre
Longfleet House Surgery"
10,"New Century Care","New Century Care (Borough Green) Limited
New Century Care (Southampton) Limited
New Century Care (Finchley) Limited
Premier Nursing Homes Limited
New Century Care (Caterham) Limited
Aden House Limited
New Century Care (Colchester) Limited
New Century Care (Ash) Limited
New Century Care (Bognor Regis) Limited
Aaroncare Limited"
10,"Potensial Limited","Woodside Farmhouse Limited
Olive Tree Domiciliary Services Ltd
Pendle Residential Care Limited
Meadowbank Care Limited
Potensial Limited
Pendleton Care Limited
Braeside Residential Care Limited
Mrs Rachel Jean Farragher & Mr John Farragher
Supported Lives Services Ltd
BeSmart South West Limited"
10,"Redwood Care","Kenilworth Manor Limited
Culpeper Care Limited
Northwick Grange Limited
Welland House Care Centre Limited
Chandos Lodge Limited
Clarendon Care Group Limited
Alder Meadow Limited
Elmbank Nursing Home Limited
Arden Park Care Limited
High Lodge Care Services Limited"
10,"Sanctuary Care Limited","Sanctuary Care Property (1) Limited
Embrace Wellcare Homes Limited
Embrace (Derby) Limited
Embrace (UK) Limited
Embrace (South West) Limited
Embrace (England) Limited
Sanctuary Home Care Limited
Sanctuary Care Limited
Embrace (Geffen) Limited
Embrace Wellcare (I) Limited"
10,"Shaw Healthcare","The Shaw Foundation Limited
Shaw Community Living (DCA) Limited
Shaw Healthcare (North Somerset) Limited
Shaw Healthcare (Ledbury) Limited
Shaw Healthcare (Specialist Services) Limited
Shaw Healthcare (Wraxall) Limited
Shaw Healthcare (Group) Limited
Shaw Healthcare (de Montfort) Limited
Shaw Healthcare Limited
Shaw Community Living (SLS) Limited"
9,Bondcare,"Loven Spinney Limited
Loven Larchwood Limited
Bestcare UK Limited
Bondcare (Bromford) Limited
Bondcare (Halifax) Limited
Living Care Medical Services Limited
Bondcare Willington Limited
Bondcare (Ambassador) Limited
Loven Richden Park Limited"
9,"Orchard Care Homes","Tri-Care Limited
Orchard Care Homes.Com Limited
Indigo Care Services Limited
Loxley Health Care Limited
RMH (Manor House) Care LLP
Orchard Care Homes.Com (2) Limited
Orchard Care Homes.Com (7) Limited
Orchard Care Homes.Com (5) Limited
Orchard Care Homes.Com (4) Limited"
9,Signature,"Signature At The Miramar (Operations) Limited
Signature of Leicester (Operations) Ltd
Signature of Coombe (Operations) Limited
Signature of Marlow (Operations) Limited
Signature of Epsom (Operations) Limited
Signature of Hertford (Operations) Limited
Signature at Loxley Park (Homecare) Limited
Signature of Hindhead (Operations) Ltd
Signature of Brentwood (Operations) Ltd"
8,"Carewise Homes","Carewise Homes Limited
Paxfield Associates (Sheffield) Limited
Elderet Limited
Raycare Limited
Hallamshire Care Home Limited
Brampton Care Ltd
Dryclough Manor Limited
Oaklands Care Hove Limited"
8,"City and County Healthcare Group","Sage Care Limited
Comfort Call Limited
London Care Limited
Care Line Homecare Limited
Guardian Homecare UK Ltd
Kent Social Care Professionals Limited
Help At Home (Egerton Lodge) Limited
Willow Tree Homecare Ltd"
8,"Hallmark Care Homes","Hallmark Care Homes (Brighton) Ltd
Hallmark Care Homes (Rugby) Limited
Hallmark Care Homes (Lightwater) Ltd
Hallmark Care Homes (Wokingham) Limited
Hallmark Care Homes (SW19) Limited
Hallmark Care Homes (Billericay) Limited
Hallmark Care Homes (Leigh-On-Sea) Limited
Hallmark Care Homes (Ipswich) Limited"
8,"MPS Care Group","Excelsior Health Care Limited
MPS (Investments) Limited
Stilecroft (MPS) Limited
Castlegate House Rest Home Limited
St Andrews (MPS) Limited
MPS Care Homes Limited
Adbolton Hall Limited
Highfields Limited"
8,Mind,"Norwich And Central Norfolk Mental Health Resources
Suffolk Mind
Bath MIND
Bromley, Lewisham & Greenwich Mind Ltd
Herefordshire Mind
Coventry and Warwickshire Mind
Mind in Furness Limited
Wirral Mind"
8,Pearlcare,"Pearlcare (Spratslade) Limited
Pearlcare (Kendal) Limited
Pearlcare (Richmond) Limited
Holmwood Residential Care Limited
Pearlcare (Acle) Limited
Pearl Care (Norwich) Limited
Pearlcare (Lincoln) Limited
Aegis Residential Care Homes Limited"
7,"Care UK","Care UK Community Partnerships Ltd
Care UK Clinical Services Limited
Ellerash Limited
Lanemile Limited
Community Health Services Limited
Care UK (Peninsula) Limited
Care UK (Urgent Care) Limited"
7,"Clarriots Care","Clarriots Homecare Limited
Serenity Always Ltd
Brialyn Limited
Esteemed Life Ltd
Jackie Achilles Ltd
Intrust MK Ltd
Richardson Trading Ltd"
7,"Gold Care Homes","GCH (St Katharine's) Limited
GCH (Acton) Limited
GCH (North London) Ltd
GCH (Midlands) Ltd
GCH (Hertfordshire) Ltd
GCH (South) Ltd
GCH (Alan Morkill House) Limited"
7,"Health Care Homes Group Limited","South Norfolk Carers Limited
Healthcare Homes Group Limited
John Stanley's Care Agency Limited
Premier Homecare (East) Limited
Manorcourt Care (Norfolk) Limited
Healthcare Homes (LSC) Limited
Care Plus Essex Limited"
7,"Hill Care Group","Hallmark Healthcare (Holmewood) Limited
Hill Care Limited
Hill Care 1 Limited
T.L. Care Limited
Hill Care 3 Limited
Woolton Grange Limited
Monshaw Limited"
7,"Sage Care Homes Group","Sage Care Homes (Jasmin Court) Ltd
Sage Care Homes (Willowbank) Limited
The Hollands Care Homes Limited
Belmar Care Homes Limited
Sage Care Homes (Jansondean) Limited
Millreed Lodge Care Limited
Sage Care Homes (Hazeldene) Limited"
6,"1st Choice Care Homes","Creedy Number 1 Limited
Acacia Number 1 Limited
Bramlings Limited
Hatfield lodge care home Limited
Tudor Lodge Care Home Limited
Whitfield Care Home Limited"
6,"Berkley Care Group","Belgravia Care Limited
Shinfield Lodge Care Limited
Berkley Care (Warwick) Limited
Active Lives Care Ltd
Ryefield Court Care Limited
Queensgate Healthcare Limited"
6,"Hadrian Healthcare","Hadrian Healthcare (Durham) Limited
Hadrian Healthcare (Gosforth) Limited
Hadrian Healthcare (Whickham) Limited
Hadrian Healthcare (Knaresborough) Limited
Hadrian Healthcare (Oulton) Limited
Hadrian Healthcare (Wetherby) Limited"
6,"Matta Care Group","Newco Southport Limited
Mother Redcaps Care Home Limited
Rivington Park Care Home Limited
Byron Court Care Home Limited
Blair House Care Home Limited
Victoria Care Home (Burnley) Limited"
6,"Minster Care Group","Minster Care Management Limited
Minster Haverhill Limited
Croftwood Care Ltd
Mulberry Manor Ltd
Abbotsford Care Limited
Croftwood Care (Cheshire) Limited"
6,"Monarch Healthcare","Westwood Care Homes Limited
Monarch Healthcare Limited
Tawnylodge Limited
Monarch Consultants Limited
Rutland Manor Limited
Pinxton Manor Limited"
6,"Pearl Jackson","Oakhurst Court Limited
Woodland Healthcare Limited
The Southgarth Partnership
Solutions (Yorkshire) Limited
ADL Plc
Woodlands of Woolley Limited"
6,Tynefield,"Ravensworth Care Home Limited
Tynefield Care Limited
SR Care Limited
Reason Care Limited
R S Property Investments Limited
WH Investments Limited"
6,Virgin,"VH Doctors Limited
Virgin Care Services Limited
Virgin Care Vertis LLP
Virgin Care Coventry LLP
Assura Reading LLP
Virgin Care Leeds LLP"
5,"Capital Care Group","Hillcrest Manor Limited
Haresbrook Park Limited
Portland House Care Limited
Westfield Lodge Care Limited
Weston Park Care Limited"
5,"Colten Care","Colten Care Limited
Colten Care (1993) Limited
Colten Care (1693) Limited
Colten Care (2003) Limited
Colten Care (2009) Limited"
5,"Cream Care","Cream Residential Care Limited
Cream III Limited
Cream II Limited
Stephen Petts
Cream Holdings (Taunton) Limited"
5,"Inmind Healthcare Group","Battersea Bridge House Limited
Glancestyle Care Homes Limited
Waterloo Manor Limited
Inmind Community Support Services Limited
Sturdee Community Limited"
5,"Rotherwood Healthcare","Rotherwood Healthcare (St Georges Park) Limited
Rotherwood Healthcare (Dorset House) Limited
Rotherwood Healthcare (Hampton Grange) Limited
Rotherwood Healthcare (Lynhales Hall) Limited
Rotherwood Healthcare (Roden Hall) Limited"
5,"Salutem Bid Co Ltd","Modus Care Limited
Modus Care (Plymouth) Limited
Newlife Care Services Limited
Pathways Care Group Limited
Pathways 4 Care  Ltd"
5,"Vibhuti Patel","Shires Healthcare (Woodside) Limited
Tulip Care Limited
Peaceform Limited
Southwark Park Nursing Homes Limited
Woodhouse Care Homes Limited"
4,"Amba Care Homes","Shakti Lodge Limited
Sunnyhill Residential Care Home Limited
Old Shenfield Place Ltd
Ardtully Retirement Residence Ltd"
4,"Athena Care Homes","Athena Care Homes (Kings Lynn) Limited
Athena Care Homes (Gaywood) Limited
Athena Care Homes (March) Limited
Athena Care Homes (Bretton) Limited"
4,"Blanchworth Care Group","Blanchworth Care Limited
Blanchworth Care Homes Limited
Brickjet Limited
Mrs Sally Roberts & Mr Jeremy Walsh"
4,"Blu Bell Healthcare","Fountain Nursing and Care Home Limited
Noblefield Limited
Fountain Lodge Care Home Limited
Selly Park Healthcare Limited"
4,"CHD Living","Mr. Liakatali Hasham
Abbey Chase Residential and Nursing Homes Limited
CHD Living Limited
Longdene Homecare Limited"
4,Careport,"Papillon Care Limited
Mariposa Care Limited
Express Care (Guest Services) Limited
Eagle View Care Home Limited"
4,"Country Court Care","Country Court Care Homes Limited
Country Court Care Homes 2 Limited
Country Court Care Homes 4 Limited
Country Court Care Homes 3 OpCo Limited"
4,Eldercare,"Eldercare (Halifax) Limited
Eldercare (Lancs) Limited
Queensland Care Limited
Mrs H M Vincent and Mr B W Vincent"
4,"Evolve Care Group","Hatherleigh Care Village Limited
Edenmore Care Limited
Frome Care Village Limited
Heanton Limited"
4,"Exclusive Care Group","Herrington Mews Ltd
Primrose House Ltd
Eastbourne House Ltd
Burlam House Limited"
4,"HC-One Limited","HC-One Beamish Limited
Meridian Healthcare Limited
HC-One Oval Limited
HC-One Limited"
4,Majesticare,"Ross Healthcare Limited
Majestic 3 Limited
Majesticare (Oak Lodge) Limited
Majesticare (Lashbrook) Limited"
4,"Midway Care Group","Livewell (Care & Support) Ltd
Midway Care Ltd
Pharos Care Limited
Middleway Care Limited"
4,"Nationwide Care Services","Nationwide Care Services Ltd
Nationwide Care Services (Worcester) Ltd
Nationwide Care Services (Nottingham) Ltd
Nationwide Care Services (Dudley) Ltd"
4,"Nicholas James and Regal Care Trading Limited","Uniquehelp Limited
Nicholas James Care Homes Ltd
Bureaucom Limited
Regal Care Trading Ltd"
4,"Saffronland Homes","Saffronland Homes Limited
Homebeech Limited
Dr Azim D Lakhani & Mr Amin Lakhani & Mrs Malek D Lakhani
Mr Amin Lakhani"
4,"TLC Group","Rockley Dene Homes Limited
Karuna Care (TLC) Limited
Cooperscroft Care Home Limited
Camberley Care Limited"
4,Voyage,"Voyage 1 Limited
Voyage Specialist Healthcare Limited
Voyage Limited
Solor Care (South West) Ltd"
3,"Ablegrange Group","Ablegrange Severn Heights Limited
Downing (Green Gables) Limited
Ablegrange (Wembley) Limited"
3,"Ashe Group","Copper Beeches Limited
The Old Rectory Residential Home Limited
Farriess Court Limited"
3,"B & M Care","B & M Investments Limited
Colleycare Limited
B & M Hemel LLP"
3,"Burlington Care","Private Medicare Limited
Alpine Health Care Limited
Burlington Care Limited"
3,Caram,"Caram (CHWD) Limited
Caram (AH) Limited
Caram (ABR) Limited"
3,"Care South","Care South
Beauchamp House Nursing Home Limited
Two Rivers Investments Limited"
3,Carewatch,"New Directions Care And Support Services Ltd
Carewatch Care Services Limited
My Life (Carewatch) Limited"
3,"Circle Healthcare Ltd","Circle Hospital (Bath) Ltd
Circle Nottingham Limited
Circle Hospital (Reading) Limited"
3,"Cygnet Health Care","Cygnet Health Care Limited
Cygnet Surrey Limited
Cygnet NW Limited"
3,Dimensions,"Outreach 3-Way
Dimensions (UK) Limited
Waymarks Limited"
3,"Eastleigh Care Homes","Eastleigh Care Homes - East Street Limited
Eastleigh Care Homes - Minehead Limited
Eastleigh Care Homes - Raleigh Mead Limited"
3,"Elysium Healthcare","Elysium Healthcare No.2 Limited
Elysium Healthcare Limited
Elysium Healthcare No. 4 Limited"
3,"Equilibrium Healthcare Group","Equilibrium Healthcare Limited
EHC Harnham House Limited
EHC Moston Grange Limited"
3,"Greentree Enterprises","Bablake House Limited
Clarendon House Care Limited
Clarendon Manor Limited"
3,"Heathcotes Group","Heathcotes Care Limited
Phoenix Cottages Ltd
Brookview Nursing Home Limited"
3,"Holden Grange Care Group","Oak Lodge Residential Home Limited
Hillbro Nursing Home Limited
Grange Court Residential Home Limited"
3,"Holmes Care Group","The Holmes Care Limited
Lakewood Limited
Tower Bridge Homes Care Limited"
3,"Huskards Care","Broadmead Resthome Ltd
Huskards Care Limited
Huskards New Care Ltd"
3,Innomary,"Innowood Limited
Innomary Limited
Innomarydom Limited"
3,"Jaydeep Patel","Lotus Care Management Services Limited
Lotus Care (Ash Cottage) Limited
Lotus Care (Ellerslie Court) Limited"
3,"Lighthouse Healthcare","Elysium Healthcare (Field House) Limited
Elysium Healthcare (Acorn Care) Limited
Elysium Healthcare (Healthlinc) Limited"
3,"My Homecare","My Homecare (Durham) Ltd
My Homecare (Yorkshire) Ltd
Ideal Homecare Limited"
3,"Only Care","S K Care Homes Ltd
Only Care Limited
Hollybank House (Derby) Ltd"
3,"Partnership Support Group","Choice Support
The Lady Verdin Trust Limited
MCCH"
3,"Pearl Healthcare Group","Agemco Ltd
Amethyst Arc Ltd
Amber ARC Limited"
3,"Porthaven Care Homes","Porthaven Care Homes Limited
Porthaven Care Homes LLP
Porthaven Care Homes No 2 Limited"
3,"Prestwick Care","Malhotra Care Homes Limited
Prestwick Care Limited
Malhotra Care Homes (Sunderland) Limited"
3,"Red Homes Healthcare","Mr Roger Daniel
Margaret Jean Daniel
Red Oaks Healthcare Limited"
3,"Roseberry Care Centres","Roseberry Care Centres GB Limited
Roseberry Care Centres Wakefield Limited
Roseberry Care Centres (Yorkshire) Limited"
3,"Sevacare UK Limited","Sevacare (UK) Limited
Silverdale Care Services Limited
Mayfair Homecare Limited"
3,"Springfield Healthcare Group","Springfield Care Services Limited
Springfield Home Care Services Limited
Springfield Healthcare (The Grange) Limited"
3,"The Avenues Trust","Welmede Housing Association Limited
Avenues South East
Avenues London"
3,"The Practice Surgeries","The Practice Surgeries Limited
The Practice U Surgeries Limited
Chilvers & McCrea Limited"
3,"Thera Group","Aspire Living Limited
Thera Trust
The Camden Society"
3,"Westwick Group","Whitwell Park Care Home Limited
Bakewell Cottage Care Home Limited
Bakewell Vicarage Care Home Limited"
2,"Alpha Care Management Services","Alphacare Management Services No. 2 Limited
Alpha Care Management Services No. 3 Limited"
2,"Alphonsus Care Services","Charnat Care Limited
Alphonsus Services Limited"
2,"Anchor Trust","Anchor Carehomes Limited
Anchor Trust"
2,"Apollo Care","Apollo Care (Wirral) Ltd
CareCaliRaya Ltd"
2,"Aspen Healthcare","Aspen Healthcare Limited
Cancer Centre London LLP"
2,"Aster Healthcare Ltd","St Dominic's Limited
Southern C C Limited"
2,Auditcare,"Auditcare Mon Choisy Limited
Auditcare Kirlena House Limited"
2,"Autism and Aspergers","Autism & Aspergers Support Ltd
Autism & Aspergers Care Services Ltd"
2,"Berkshire Care Homes","Cherry Garden Properties Limited
Amberbrook Limited"
2,"Bramley Health","Mr. Gordon Phillips
Langford Clinic Limited"
2,"Careline Lifestyles","Durham Care Line Limited
Careline Lifestyles (UK) Ltd"
2,"Careview Services","Careview Caring Support Services Limited
Care View Services Limited"
2,Certitude,"Southside Partnership
Support for Living Limited"
2,"Chislehurst Care","Mills Family Limited
Chislehurst Care Limited"
2,"Disabilities Trust","The Disabilities Trust
Brain Injury Rehabilitation Trust"
2,"Elder Homes Group","Elder Homes Leeds LLP
Mr David Hetherington Messenger"
2,"Friends of the Elderly","Friends of the Elderly
Triangle Community Services Limited"
2,"Good Companions","Good Companions (Cumbria) Limited
Good Companions Homecare Ltd"
2,"Guinness Care and Support Limited","Guinness Care and Support Limited
Independent Home Life Services Limited"
2,"HCA Hospitals","HCA International Limited
Robotic Radiosurgery LLP"
2,"Handle with Care","Handle With Care Redditch And Worcestershire Limited
Handle with Care Coventry and Warwickshire Limited"
2,"Harbour Healthcare","Harbour Healthcare Ltd
Harbour Healthcare 1 Ltd"
2,"Hudson Healthcare","Hudson (Sandiacre) Limited
Hudson (Haven Lodge) Limited"
2,"Humberside Independent Care Association Limited","Oakbridge Retirement Villages LLP
H I C A"
2,"J and J Matheron","Oliver Court Limited
Kemps Place Limited"
2,"Jeesal Group","Jeesal Residential Care Services Limited
Jeesal Akman Care Corporation Limited"
2,"Knights Care","Knights Care Limited
Knights Care (2) Limited"
2,"Lalit Ambasana","Hartlands Care Home Limited
Greville House Care Home Limited"
2,Locala,"Locala Community Partnerships C.I.C.
Locala Homecare Limited"
2,"Lotus Care","Lotus Care 2 Limited
Lotus Care 1 Limited"
2,"Maple Group","Care 4U Services (Midlands) Ltd
Soundpace Limited"
2,"Mears Care","Mears Care Limited
Mears Homecare Limited"
2,"Noble Care","Noble Care Limited
Platinum Care Services Limited"
2,"Optima Care Partnership","The Lodge Rest Limited
Mr Paul Bliss"
2,"Oxfordshire County Council","Oxfordshire County Council
Social & Community Services"
2,"Precious Homes","Precious Homes Limited
Precious Homes Support Limited"
2,"Prestige Care","Prestige Estates (North East) Limited
Prestige Care Limited"
2,"Radis Community Care","G P Homecare Limited
County Home Care Services Limited"
2,"Ramsay Health Care UK","Ramsay Health Care UK Operations Limited
Independent British Healthcare (Doncaster) Limited"
2,"Regard Group","Aitch Care Homes (London) Limited
The Regard Partnership Limited"
2,"SSP Health Ltd","SSP Health GPMS Ltd
SSP Health Primary Care Limited"
2,"Sania Shah","Care Avenues Limited
Careworld Services Limited"
2,"Satwinder Pawar","P.A.R. Nursing Homes Limited
Kidderminster Care Limited"
2,"Spire Healthcare Limited","Spire Healthcare Limited
Montefiore House Limited"
2,"Sussex Health Care","SHC Rapkyns Group Limited
SHC Clemsfold Group Limited"
2,"Swanton Care and Community","Swanton Care & Community (Autism North) Limited
Swanton Care & Community Limited"
2,Tracscare,"Accomplish Group Limited
Accomplish Group Support Limited"
2,"Turning Point","Turning Point
Northern Pathways Limited"
2,"Vida Healthcare","Cavell & Lind Limited
Vida Healthcare"
2,Vocare,"Vocare Limited
Staffordshire Doctors Urgent Care Limited"
2,Welltower,"WT UK Opco 2 Limited
WT UK Opco 3 Limited"
2,"Your Health Group","Ena Care Call Limited
Your Health Limited"
